{"glacidus:pulsaton_ore,0":{"replace":true,"allowsilktouch":true,"dropsilktouchalways":true,"toolsBlacklist":true,"tools":[],"biomeBlacklist":true,"biomes":[],"minYLevel":0,"maxYLevel":256,"minExp":0,"maxExp":0,"gamestageBlacklist":true,"gamestageAll":true,"gameStageList":[],"modifierBlacklist":true,"modifierList":[],"traitBlacklist":true,"traitList":[],"enchantmentBlacklist":true,"enchantmentList":[],"nbtBlacklist":true,"nbtList":[],"fortunechance":{"0":100,"1":100,"2":100,"3":100},"dropdatalist":[{"id":"contenttweaker:pulsating_gem","metadata":0,"toolsBlacklist":true,"tools":[],"fortunechancemap":{"0":100,"1":100,"2":100,"3":100},"fortunequantitymap":{"0":{"minquantity":1,"maxquantity":1},"1":{"minquantity":1,"maxquantity":1},"2":{"minquantity":1,"maxquantity":1},"3":{"minquantity":1,"maxquantity":1}},"biomeBlacklist":true,"biomes":[],"minYLevel":0,"maxYLevel":256,"minExp":0,"maxExp":0,"gamestageBlacklist":true,"gamestageAll":true,"gameStageList":[],"modifierBlacklist":true,"modifierList":[],"traitBlacklist":true,"traitList":[],"enchantmentBlacklist":true,"enchantmentList":[],"nbtBlacklist":true,"nbtList":[],"exclusive":false}]},"glacidus:pulsaton_ore,*":{"replace":true,"allowsilktouch":true,"dropsilktouchalways":true,"toolsBlacklist":true,"tools":[],"biomeBlacklist":true,"biomes":[],"minYLevel":0,"maxYLevel":256,"minExp":0,"maxExp":0,"gamestageBlacklist":true,"gamestageAll":true,"gameStageList":[],"modifierBlacklist":true,"modifierList":[],"traitBlacklist":true,"traitList":[],"enchantmentBlacklist":true,"enchantmentList":[],"nbtBlacklist":true,"nbtList":[],"fortunechance":{"0":100,"1":100,"2":100,"3":100},"dropdatalist":[{"id":"contenttweaker: pulsating_gem","metadata":0,"toolsBlacklist":true,"tools":[],"fortunechancemap":{"0":100,"1":100,"2":100,"3":100},"fortunequantitymap":{"0":{"minquantity":1,"maxquantity":1},"1":{"minquantity":1,"maxquantity":1},"2":{"minquantity":1,"maxquantity":1},"3":{"minquantity":1,"maxquantity":1}},"biomeBlacklist":true,"biomes":[],"minYLevel":0,"maxYLevel":256,"minExp":0,"maxExp":0,"gamestageBlacklist":true,"gamestageAll":true,"gameStageList":[],"modifierBlacklist":true,"modifierList":[],"traitBlacklist":true,"traitList":[],"enchantmentBlacklist":true,"enchantmentList":[],"nbtBlacklist":true,"nbtList":[],"exclusive":false}]}}