{
    "machine": "iron_centrifuge",
    "registryName": "iron_centrifuge_wash_redstone",
    "recipeTime": 180,
    "requirements": [
        {
            "type": "energy",
            "io-type": "input",
            "energyPerTick": 16
        },
        {
            "type": "item",
            "io-type": "output",
            "item": "minecraft:gunpowder",
            "amount": 1,
            "chance": 0.6
        },
        {
            "type": "item",
            "io-type": "input",
            "item": "ore:dustRedstone",
            "amount": 1
        }
    ]
}